-- phpMyAdmin SQL Dump
-- version 4.7.4
-- https://www.phpmyadmin.net/
--
-- Servidor: 127.0.0.1:3306
-- Tiempo de generaci贸n: 08-01-2018 a las 19:39:56
-- Versi贸n del servidor: 5.7.19
-- Versi贸n de PHP: 7.1.9

SET SQL_MODE = "NO_AUTO_VALUE_ON_ZERO";
SET AUTOCOMMIT = 0;
START TRANSACTION;
SET time_zone = "+00:00";


/*!40101 SET @OLD_CHARACTER_SET_CLIENT=@@CHARACTER_SET_CLIENT */;
/*!40101 SET @OLD_CHARACTER_SET_RESULTS=@@CHARACTER_SET_RESULTS */;
/*!40101 SET @OLD_COLLATION_CONNECTION=@@COLLATION_CONNECTION */;
/*!40101 SET NAMES utf8mb4 */;

--
-- Base de datos: `project_management_portal`
--

-- --------------------------------------------------------

--
-- Estructura de tabla para la tabla `issue_commentaries`
--

DROP TABLE IF EXISTS `issue_commentaries`;
CREATE TABLE IF NOT EXISTS `issue_commentaries` (
  `Issue_ID` int(11) NOT NULL,
  `Commentary_ID` int(11) NOT NULL AUTO_INCREMENT,
  `Commentary_Title` tinytext NOT NULL,
  `Commentary_Comment` text NOT NULL,
  `Commentary_Author` varchar(30) NOT NULL,
  PRIMARY KEY (`Commentary_ID`)
) ENGINE=MyISAM AUTO_INCREMENT=5 DEFAULT CHARSET=utf8;

--
-- Volcado de datos para la tabla `issue_commentaries`
--

INSERT INTO `issue_commentaries` (`Issue_ID`, `Commentary_ID`, `Commentary_Title`, `Commentary_Comment`, `Commentary_Author`) VALUES
(1, 1, 'Title for commentary 1', 'Here\'s just a commentary to help me on see how it will we save! ', 'juanrodicio'),
(1, 2, 'yeah you sure!', 'Lorem ipsum dolor sit amet, consectetuer adipiscing elit. Aenean commodo ligula eget dolor. Aenean massa. Cum sociis natoque penatibus et magnis dis parturient montes, nascetur ridiculus mus. Donec quam felis, ultricies nec, pellentesque eu, pretium quis, sem. Nulla consequat massa quis enim. Donec pede justo, fringilla vel, aliquet nec, vulputate eget, arcu. In enim justo, rhoncus ut, imperdiet a, venenatis vitae, justo. Nullam dictum felis eu pede mollis pretium. Integer tincidunt. Cras dapibus. Vivamus elementum semper nisi. Aenean vulputate eleifend tellus. Aenean leo ligula, porttitor eu, consequat vitae, eleifend ac, enim. Aliquam lorem ante, dapibus in, viverra quis, feugiat a, tellus. Phasellus viverra nulla ut metus varius laoreet. Quisque rutrum. Aenean imperdiet. Etiam ultricies nisi vel augue. Curabitur ullamcorper ultricies nisi. Nam eget dui. Etiam rhoncus. Maecenas tempus, tellus eget condimentum rhoncus, sem quam semper libero, sit amet adipiscing sem neque sed ipsum. Nam quam nunc, blandit vel, luctus pulvinar, hendrerit id, lorem. Maecenas nec odio et ante tincidunt tempus. Donec vitae sapien ut libero venenatis faucibus. Nullam quis ante. Etiam sit amet orci eget eros faucibus tincidunt. Duis leo. Sed fringilla mauris sit amet nibh. Donec sodales sagittis magna. Sed consequat, leo eget bibendum sodales, augue velit cursus nunc,', 'juanrodicio'),
(1, 4, 'About logins', 'I\'ll improve our login in that way, best option is to use a new Framework that let us seed all our users.\r\n\r\nCheck out this: http://www.yiiframework.com/', 'luisrozo');

-- --------------------------------------------------------

--
-- Estructura de tabla para la tabla `project`
--

DROP TABLE IF EXISTS `project`;
CREATE TABLE IF NOT EXISTS `project` (
  `Project_ID` int(11) NOT NULL AUTO_INCREMENT,
  `Project_Name` tinytext COLLATE utf8_spanish_ci NOT NULL,
  `Project_Description` text COLLATE utf8_spanish_ci,
  `Project_StartDate` date NOT NULL,
  `Project_FinishDate` date NOT NULL,
  `Project_Budget` int(11) DEFAULT NULL,
  `Project_Manager` varchar(30) COLLATE utf8_spanish_ci NOT NULL,
  PRIMARY KEY (`Project_ID`),
  KEY `Project_Manager` (`Project_Manager`)
) ENGINE=MyISAM AUTO_INCREMENT=3 DEFAULT CHARSET=utf8 COLLATE=utf8_spanish_ci;

--
-- Volcado de datos para la tabla `project`
--

INSERT INTO `project` (`Project_ID`, `Project_Name`, `Project_Description`, `Project_StartDate`, `Project_FinishDate`, `Project_Budget`, `Project_Manager`) VALUES
(1, 'Proyecto 1', 'sdfds', '2018-01-06', '2018-01-08', 100000, 'juanrodicio'),
(2, 'Proyecto 2', 'asfasf', '2018-01-18', '2018-01-31', 500, 'luisrozo');

-- --------------------------------------------------------

--
-- Estructura de tabla para la tabla `project_group`
--

DROP TABLE IF EXISTS `project_group`;
CREATE TABLE IF NOT EXISTS `project_group` (
  `Group_ID` varchar(10) CHARACTER SET utf8 COLLATE utf8_spanish_ci NOT NULL,
  `Group_Name` varchar(80) CHARACTER SET utf8 COLLATE utf8_spanish_ci NOT NULL,
  PRIMARY KEY (`Group_ID`)
) ENGINE=MyISAM DEFAULT CHARSET=utf8;

--
-- Volcado de datos para la tabla `project_group`
--

INSERT INTO `project_group` (`Group_ID`, `Group_Name`) VALUES
('1', 'Meme Group');

-- --------------------------------------------------------

--
-- Estructura de tabla para la tabla `project_members`
--

DROP TABLE IF EXISTS `project_members`;
CREATE TABLE IF NOT EXISTS `project_members` (
  `Project_ID` int(11) NOT NULL,
  `User_Name` varchar(30) COLLATE utf8_spanish_ci NOT NULL,
  PRIMARY KEY (`Project_ID`,`User_Name`)
) ENGINE=MyISAM DEFAULT CHARSET=utf8 COLLATE=utf8_spanish_ci;

--
-- Volcado de datos para la tabla `project_members`
--

INSERT INTO `project_members` (`Project_ID`, `User_Name`) VALUES
(1, 'juanrodicio'),
(1, 'luisrozo'),
(2, 'juanrodicio');

-- --------------------------------------------------------

--
-- Estructura de tabla para la tabla `project_task`
--

DROP TABLE IF EXISTS `project_task`;
CREATE TABLE IF NOT EXISTS `project_task` (
  `Task_ID` int(11) NOT NULL AUTO_INCREMENT,
  `Task_Name` tinytext COLLATE utf8_spanish_ci NOT NULL,
  `Task_Description` text COLLATE utf8_spanish_ci NOT NULL,
  `Task_StartDate` date NOT NULL,
  `Task_FinishDate` date NOT NULL,
  `Task_Status` enum('Done','Pending') COLLATE utf8_spanish_ci NOT NULL,
  `Task_Project` int(11) NOT NULL,
  PRIMARY KEY (`Task_ID`),
  KEY `Task_Project` (`Task_Project`)
) ENGINE=MyISAM AUTO_INCREMENT=5 DEFAULT CHARSET=utf8 COLLATE=utf8_spanish_ci;

--
-- Volcado de datos para la tabla `project_task`
--

INSERT INTO `project_task` (`Task_ID`, `Task_Name`, `Task_Description`, `Task_StartDate`, `Task_FinishDate`, `Task_Status`, `Task_Project`) VALUES
(1, 'Task 1', 'Just a description task', '2018-01-03', '2018-01-06', 'Done', 1),
(2, 'Task 2', 'Just a description 2', '2018-01-11', '2018-01-13', 'Done', 1),
(3, 'Task 3', 'Description task 3', '2018-01-07', '2018-01-10', 'Done', 1),
(4, 'Task 4', 'Description of task 4', '2018-01-08', '2018-01-10', 'Pending', 1);

-- --------------------------------------------------------

--
-- Estructura de tabla para la tabla `project_task_issues`
--

DROP TABLE IF EXISTS `project_task_issues`;
CREATE TABLE IF NOT EXISTS `project_task_issues` (
  `Task_ID` int(11) NOT NULL,
  `Issue_ID` int(11) NOT NULL AUTO_INCREMENT,
  `Issue_Title` tinytext NOT NULL,
  `Issue_Description` text NOT NULL,
  `Issue_Type` enum('info','warning','danger','') NOT NULL,
  `Issue_Status` enum('active','closed') NOT NULL,
  `Issue_Author` varchar(30) NOT NULL,
  PRIMARY KEY (`Issue_ID`)
) ENGINE=MyISAM AUTO_INCREMENT=9 DEFAULT CHARSET=utf8;

--
-- Volcado de datos para la tabla `project_task_issues`
--

INSERT INTO `project_task_issues` (`Task_ID`, `Issue_ID`, `Issue_Title`, `Issue_Description`, `Issue_Type`, `Issue_Status`, `Issue_Author`) VALUES
(1, 1, 'Problem with consecutive logins on website', 'You\'ll see here what is the issue about. Let\'s see how long can we got here and see how about to see it on webpage :)', 'info', 'active', 'juanrodicio'),
(1, 8, 'Issue to close', 'Just need to close it.', 'danger', 'closed', 'luisrozo'),
(1, 3, 'Cascade Classifier needs improvement', 'Actually classifier continue to be so low instead of LBP, we may need to change to this one or make a better code of actual classifier.', 'warning', 'active', 'juanrodicio');

-- --------------------------------------------------------

--
-- Estructura de tabla para la tabla `user`
--

DROP TABLE IF EXISTS `user`;
CREATE TABLE IF NOT EXISTS `user` (
  `User_Name` varchar(30) COLLATE utf8_spanish_ci NOT NULL,
  `User_Password` tinytext COLLATE utf8_spanish_ci NOT NULL,
  `User_Type` enum('Stakeholder','Project Manager','Pig') COLLATE utf8_spanish_ci DEFAULT NULL,
  `User_Group` varchar(10) COLLATE utf8_spanish_ci NOT NULL,
  `User_FullName` text COLLATE utf8_spanish_ci,
  `User_Email` text COLLATE utf8_spanish_ci NOT NULL,
  PRIMARY KEY (`User_Name`),
  KEY `User_Group` (`User_Group`)
) ENGINE=MyISAM DEFAULT CHARSET=utf8 COLLATE=utf8_spanish_ci;

--
-- Volcado de datos para la tabla `user`
--

INSERT INTO `user` (`User_Name`, `User_Password`, `User_Type`, `User_Group`, `User_FullName`, `User_Email`) VALUES
('luisrozo', 'luisrozo', 'Stakeholder', '1', 'Luis Gonzaga Rozo Bueno', 'luis.rozo@alum.uca.es'),
('juanrodicio', 'defensa10', 'Pig', '1', 'Juan Antonio Rodicio L贸pez', 'juanantonio.rodiciolopez@alum.uca.es');

-- --------------------------------------------------------

--
-- Estructura de tabla para la tabla `user_tasks`
--

DROP TABLE IF EXISTS `user_tasks`;
CREATE TABLE IF NOT EXISTS `user_tasks` (
  `Task_ID` int(11) NOT NULL,
  `User_Name` varchar(30) COLLATE utf8_spanish_ci NOT NULL,
  PRIMARY KEY (`Task_ID`,`User_Name`)
) ENGINE=MyISAM DEFAULT CHARSET=utf8 COLLATE=utf8_spanish_ci;

--
-- Volcado de datos para la tabla `user_tasks`
--

INSERT INTO `user_tasks` (`Task_ID`, `User_Name`) VALUES
(1, 'juanrodicio'),
(1, 'luisrozo'),
(2, 'luisrozo'),
(3, 'juanrodicio'),
(4, 'luisrozo');
COMMIT;

/*!40101 SET CHARACTER_SET_CLIENT=@OLD_CHARACTER_SET_CLIENT */;
/*!40101 SET CHARACTER_SET_RESULTS=@OLD_CHARACTER_SET_RESULTS */;
/*!40101 SET COLLATION_CONNECTION=@OLD_COLLATION_CONNECTION */;
